Calle,Posición,Columna A,Columna B,Columna C,Columna D
Calle 1,1,306341x2,306341,306341x2,
Calle 1,2,306341x2,306341,306341x2,
Calle 1,3,306341x2,402707,403044,
Calle 1,4,403044x2,403044,403174,
Calle 1,5,403573x2,403573,402399,
Calle 1,6,403573x2,403573,403573x2,
Calle 1,7,403573x2,403800,403800x2,
Calle 1,8,403800x2,403800,403800x2,
Calle 1,9,403998x2,403998,403998x2,
Calle 1,10,403998x2,403998,403998,
Calle 1,11,403998x2,403998,403998,
Calle 1,12,403998x2,403998,403998x2,
Calle 1,13,403998x2,403998,403998x2,
Calle 1,14,404522,407271,407271x2,
Calle 1,15,407330x2,407330,407330x2,
Calle 1,16,408503x2,408503,408503x2,
Calle 1,17,408503x2,407999,407999,
Calle 1,18,407999x2,407999,407999,
Calle 1,19,407999x2,407999,407999x2,
Calle 1,20,407999x2,407999,407999x2,
Calle 1,21,407999x2,407999,407999x2,
Calle 1,22,,407999,,
Calle 1,23,,407999,,
Calle 1,24,,408159,,
Calle 1,25,408162x2,408242,408242,
Calle 1,26,408242x2,408242,408242,
Calle 1,27,408242x2,408242,408242x2,
Calle 1,28,408242x2,408242,408242x2,
Calle 1,29,408242x2,408242,408242x2,
Calle 1,30,408255x2,408256,408256x2,
Calle 1,31,408365x2,408365,408365x2,
Calle 1,32,408365x2,408365,408365,
Calle 1,33,408365x2,408365,408365,
Calle 1,34,408534x2,408534,408534x2,
Calle 1,35,408534x2,408534,408534x2,
Calle 1,36,408534x2,408534,408534x2,
Calle 1,37,408534x2,408534,408534x2,
Calle 1,38,408534x2,408534,408558x2,
Calle 1,39,408558x2,408558,408558x2,
Calle 2,45,412613x2,412613,412613x2,
Calle 2,44,412613x2,412613,412613x2,
Calle 2,43,412613x2,412613,412613x2,
Calle 2,42,412613x2,412613,412613x2,
Calle 2,41,412596x2,412596,412596x2,
Calle 2,40,412596x2,412596,412596,
Calle 2,39,412596x2,412596,412596,
Calle 2,38,412596x2,412596,412596,
Calle 2,37,412596x2,412596,412596,
Calle 2,36,412596x2,412596,412596,
Calle 2,35,412596x2,412596,412596,
Calle 2,34,412596x2,412596,412596,
Calle 2,33,412596x2,412596,412596,
Calle 2,32,412596x2,412596,412596,
Calle 2,31,412596x2,412596,412596,
Calle 2,30,,412596,,
Calle 2,29,,412596,,
Calle 2,28,,412596,,
Calle 2,27,412596x2,412596,412596x2,
Calle 2,26,412596x2,412596,412596x2,
Calle 2,25,412596x2,412596,412596x2,
Calle 2,24,412596x2,412596,412596x2,
Calle 2,23,412596x2,412596,412596x2,
Calle 2,22,412596x2,412596,412596x2,
Calle 2,21,412596x2,412596,412596x2,
Calle 2,20,412596x2,412596,412596x2,
Calle 2,19,412596x2,412596,412596x2,
Calle 2,18,412596x2,412596,411456,
Calle 2,17,408780x2,408780,411455,
Calle 2,16,408780x2,408780,408780x2,
Calle 2,15,408606x2,408606,408606x2,
Calle 2,14,408606x2,408606,408606x2,
Calle 2,13,408606x2,408606,408606x2,
Calle 2,12,408606x2,408606,408606x2,
Calle 2,11,408606x2,408606,408606,
Calle 2,10,408606x2,408606,408606,
Calle 2,9,408606x2,408606,408606x2,
Calle 2,8,408606x2,408606,408606x2,
Calle 2,7,408606x2,408606,408606x2,
Calle 2,6,,408606,,
Calle 2,5,,408599,,
Calle 2,4,,408599,,
Calle 2,3,408599x2,408599,408599,
Calle 2,2,408558x2,408558,408558,
Calle 2,1,408558x2,408558,408558,
Calle 3,1,412614x2,412614,412614,
Calle 3,2,412614x2,412614,412614,
Calle 3,3,412614x2,412614,412614,
Calle 3,4,,412614,,
Calle 3,5,,412614,,
Calle 3,6,,412614,,
Calle 3,7,412614x2,412614,412614x2,
Calle 3,8,413055x2,413055,413055x2,
Calle 3,9,413055x2,413055,413055x2,
Calle 3,10,413055x2,413055,413055,
Calle 3,11,413055x2,413055,413055,
Calle 3,12,413055x2,413055,413055x2,
Calle 3,13,413055x2,413055,413055x2,
Calle 3,14,413055x2,413055,413055x2,
Calle 3,15,413055x2,413055,413055x2,
Calle 3,16,413055x2,413055,413055x2,
Calle 3,17,413066x2,413066,413066,
Calle 3,18,413066x2,413066,413066,
Calle 3,19,413066x2,413066,413066x2,
Calle 3,20,413066x2,413066,413066x2,
Calle 3,21,413066x2,413066,413066x2,
Calle 3,22,413066x2,413066,413066x2,
Calle 3,23,413066x2,413066,413066x2,
Calle 3,24,413066x2,413066,413066x2,
Calle 3,25,413066x2,413066,413066x2,
Calle 3,26,413066x2,413066,413066x2,
Calle 3,27,413066x2,413066,413066x2,
Calle 3,28,,413066,,
Calle 3,29,,413066,,
Calle 3,30,,413066,,
Calle 3,31,413066x2,413066,413066x2,
Calle 3,32,413066x2,413066,413066x2,
Calle 3,33,413066x2,413066,413066x2,
Calle 3,34,413066x2,413066,413066x2,
Calle 3,35,413066x2,413066,413066x2,
Calle 3,36,413066x2,413066,413066x2,
Calle 3,37,413066x2,413066,413066x2,
Calle 3,38,413066x2,413066,413066x2,
Calle 3,39,413066x2,413066,413066x2,
Calle 3,40,413066x2,413066,413066x2,
Calle 3,41,413066x2,413066,413066x2,
Calle 3,42,413066x2,413066,413066x2,
Calle 3,43,413066x2,413066,413066x2,
Calle 3,44,413066x2,413066,413066x2,
Calle 3,45,413185x2,413185,413185x2,
Calle 4,39,415503,415503,415503x2,
Calle 4,38,415503,415503,415503x2,
Calle 4,37,415503,415503,415503x2,
Calle 4,36,415503,415503,415503x2,
Calle 4,35,415503,415503,415503x2,
Calle 4,34,415503,415503,415503x2,
Calle 4,33,415503,415503,415503x2,
Calle 4,32,415503,415503,415503x2,
Calle 4,31,415503,415503,415503x2,
Calle 4,30,,,414827,
Calle 4,29,,,414827,
Calle 4,28,,,414827,
Calle 4,27,414827,414827,414827x2,
Calle 4,26,414588,414588,414588x2,
Calle 4,25,414588,414588,414588x2,
Calle 4,24,414588,414588,414588x2,
Calle 4,23,414588,414588,414588x2,
Calle 4,22,414588,414588,414588x2,
Calle 4,21,414588,414588,414588x2,
Calle 4,20,414588,414588,414588x2,
Calle 4,19,414588,414588,414588x2,
Calle 4,18,414588,414588,414588x2,
Calle 4,17,414588,414588,414588x2,
Calle 4,16,414588,414588,414588x2,
Calle 4,15,414588,414588,414588x2,
Calle 4,14,414588,414588,414588x2,
Calle 4,13,413716,413716,413716x2,
Calle 4,12,413716,413716,413716x2,
Calle 4,11,413714,413714,413714x2,
Calle 4,10,413706,413706,413714x2,
Calle 4,9,413641,413705,413705x2,
Calle 4,8,413639,413639,413641x2,
Calle 4,7,413185,413638,413638x2,
Calle 4,6,,,413185,
Calle 4,5,,,413185,
Calle 4,4,,,,
Calle 4,3,413185,413185,413185x2,
Calle 4,2,413185,413185,413185x2,
Calle 4,1,413185,413185,413185x2,
Calle 5,1,415503x2,415503,415503x2,
Calle 5,2,415503x2,415503,415503x2,
Calle 5,3,415503x2,415714,415714,
Calle 5,4,,415714,,
Calle 5,5,,415714,,
Calle 5,6,,415714,,
Calle 5,7,415714x2,415714,415714x2,
Calle 5,8,415714x2,415714,415714x2,
Calle 5,9,415714x2,415714,415714x2,
Calle 6,12,415716x2,415716,415716x2,
Calle 6,11,415716x2,415716,415716x2,
Calle 6,10,415716x2,415716,415716,
Calle 6,9,415716x2,415718,415716,
Calle 6,8,415716x2,415716,415716x2,
Calle 6,7,415716x2,415716,415716x2,
Calle 6,6,,415716,,
Calle 6,5,,415716,,
Calle 6,4,,415714,,
Calle 6,3,415714x2,415714,415714,
Calle 6,2,415714x2,415714,415714,
Calle 6,1,415714x2,415714,415714,
Calle 7,1,415716x2,415716,415716,
Calle 7,2,415716x2,415716,415716x2,
Calle 7,3,415716x2,415716,415716x2,
Calle 7,4,,415716,,
Calle 7,5,,415716,,
Calle 7,6,,415716,,
Calle 7,7,415716x2,415716,415716x2,
Calle 7,8,415716x2,415716,415983,
Calle 7,9,416315x2,416315,416315,
Calle 7,10,416315x2,416315,416315x2,
Calle 7,11,416315x2,416315,416315x2,
Calle 7,12,416315x2,416315,416315x2,
Calle 7,13,416399,406755,416399,
Calle 7,14,416755x2,416755,416410,
Calle 7,15,416755x2,416755,416755,
Calle 7,16,416755x2,416755,416755,
Calle 7,17,416755x2,416755,416755x2,
Calle 7,18,416755x2,416755,416755x2,
Calle 7,19,416755x2,416755,416755x2,
Calle 7,20,426755x2,402725,411900x2,
Calle 7,21,417178 + 417179,411903,411903,
Calle 8,21,416346x2,416346,416346,
Calle 8,20,416346x2,416346,416346,
Calle 8,19,416346x2,416346,416346,
Calle 8,18,416346x2,416346,416346,
Calle 8,17,416346x2,416346,416346,
Calle 8,16,416275x2,416275,416346,
Calle 8,15,416275x2,416275,416275,
Calle 8,14,416275x2,416275,416275,
Calle 8,13,416275x2,416275,416275,
Calle 8,12,416275x2,416275,416275,
Calle 8,11,416275x2,416275,416275,
Calle 8,10,414419x2,416275,416275,
Calle 8,9,414419x2,414419,414419,
Calle 8,8,414419x2,414419,414419,
Calle 8,7,408081x2,409018,409018,
Calle 8,6,,407884,,
Calle 8,5,,407884,,
Calle 8,4,,403967,,
Calle 8,3,403801 + 403967,403967,403967,
Calle 8,2,403801x2,403801,403801,
Calle 8,1,411903x2,411903,411903,
Calle 9,1,416346,416346,416346x2,
Calle 9,2,416488,416488,416488x2,
Calle 9,3,416488,416488,416488x2,
Calle 9,4,416488,416488,416488x2,
Calle 9,5,416488,416488,416488,
Calle 9,6,407331,407331,407331x2,
Calle 9,7,407331,407331,407331x2,
Calle 9,8,407331,407331,407331x2,
Calle 9,9,407331,407331,407331x2,
Calle 9,10,407331,407331,407331x2,
Calle 9,11,407331,407331,407331x2,
Calle 9,12,407689,407689,407689x2,
Calle 9,13,407689,407689,407689x2,
Calle 9,14,407690,407690,407690x2,
Calle 9,15,408762,408762,408762x2,
Calle 9,16,408762,408762,408762x2,
Calle 9,17,408762,408762,408762x2,
Calle 9,18,408763,408763,408763x2,
Calle 9,19,408763,408763,408763x2,
Calle 9,20,408763,408763,408763x2,
Calle 9,21,408763,408763,408763x2,
Calle 9,22,,408763,,
Calle 9,23,,408763,,
Calle 9,24,408763x2,408763,,
Calle 9,25,408763,408763,408763x2,
Calle 9,26,408763,408763,408763x2,
Calle 9,27,408763,408763,408763x2,
Calle 9,28,408078,408078,408078x2,
Calle 9,29,408078,408360,408360 + 408829,
Calle 9,30,408829,304311,304312,
Calle 9,31,304312,304312,304312,
Calle 9,32,304312,304312,304312,
Calle 9,33,304312,304312,304312,
Calle 9,34,304312,304312,304312,
Calle 9,35,304312,304312,304312,
Calle 9,36,304312,304312,304312,
Calle 9,37,304312x2,304313,,
Calle 9,38,,,,
Calle 9,39,304313,,,
Calle 10,1,305338,305338,305338,305338
Calle 10,2,305338,305338,305338,305338
Calle 10,3,305338,305338,305338,305338
Calle 11,1,305425,305431,305431,307327
Calle 11,2,307326,307326,305428,
